event_id,event_code,event_name,event_type,status,client,venue,city,lead_team,starts_on,ends_on,starts_at_ist,ends_at_ist,expected_attendees,confirmed_attendees,projected_revenue_inr,booked_revenue_inr,total_budget_inr,spent_inr,budget_used_pct,reputation_score,highlight
1,EVT-2026-0101,Skyline Live: Arijit Singh Tour,concert,completed,Skyline Live,Palace Grounds,Bengaluru,Aurora Live,2026-02-14,2026-02-14,2026-02-14 18:00,2026-02-14 22:00,12000,11640,4800000.000000000000,4720000.000000000000,3200000.000000000000,3095000.000000000000,96.72,4.80,Sold out in 6 days — highest per-cap revenue of Q1.
2,EVT-2026-0102,TEDx Bangalore 2026,tedx,completed,TEDx Bangalore,The Leela Ballroom,Bengaluru,Signal Talks,2026-03-22,2026-03-22,2026-03-22 18:00,2026-03-22 22:00,850,812,750000.000000000000,725000.000000000000,520000.000000000000,492000.000000000000,94.62,4.90,Full sponsor recovery + 12 international speakers.
3,EVT-2026-0103,NovaTech DevSummit,tech_summit,completed,NovaTech Systems,KEC Convention Centre,Mumbai,Meridian Corp,2026-04-18,2026-04-19,2026-04-18 18:00,2026-04-19 22:00,1800,1720,1400000.000000000000,1380000.000000000000,1050000.000000000000,990000.000000000000,94.29,4.70,"Two-day dev conf, 42 sponsors, 96% CSAT."
4,EVT-2026-0104,InnovateX Impact Awards,gala,completed,InnovateX Foundation,The Leela Ballroom,Bengaluru,Meridian Corp,2026-05-30,2026-05-30,2026-05-30 18:00,2026-05-30 22:00,700,680,580000.000000000000,560000.000000000000,420000.000000000000,412000.000000000000,98.10,4.60,Awards + gala; livestreamed to 40k.
5,EVT-2026-0105,Zenith: Kapoor–Menon Wedding,wedding,completed,Zenith Weddings,Aravalli Fields,Gurugram,Vermillion Ceremonies,2026-06-12,2026-06-14,2026-06-12 18:00,2026-06-14 22:00,1200,1180,2200000.000000000000,2200000.000000000000,1800000.000000000000,1765000.000000000000,98.06,4.90,3-day wedding; celebrity guest list.
6,EVT-2026-0106,Coastal Brew Festival,festival,completed,Coastal Brew Co.,Coastal Amphitheatre,Chennai,Aurora Live,2026-07-19,2026-07-20,2026-07-19 18:00,2026-07-20 22:00,4500,4310,1650000.000000000000,1620000.000000000000,1200000.000000000000,1168000.000000000000,97.33,4.50,"Beach festival, 24 craft brews, 8 acts."
7,EVT-2026-0107,FinPeak Wealth Summit,conference,live,FinPeak Advisors,The Leela Ballroom,Bengaluru,Meridian Corp,2026-08-05,2026-08-06,2026-08-05 18:00,2026-08-06 22:00,900,872,980000.000000000000,960000.000000000000,660000.000000000000,584000.000000000000,88.48,,"CFO summit, closing keynote Wed."
8,EVT-2026-0108,NovaTech AI Studio Launch,product_launch,in_production,NovaTech Systems,The Leela Ballroom,Bengaluru,Meridian Corp,2026-08-22,2026-08-22,2026-08-22 18:00,2026-08-22 22:00,600,540,720000.000000000000,680000.000000000000,480000.000000000000,224000.000000000000,46.67,,Product launch + hands-on lab. Load-in Aug 20.
9,EVT-2026-0109,Skyline Live: Diljit Dosanjh,concert,confirmed,Skyline Live,Palace Grounds,Bengaluru,Aurora Live,2026-09-27,2026-09-27,2026-09-27 18:00,2026-09-27 22:00,14000,8400,5600000.000000000000,3400000.000000000000,3800000.000000000000,420000.000000000000,11.05,,Advance tickets 60% sold in first week.
10,EVT-2026-0110,Ministry of Tourism Global Meet,conference,confirmed,Ministry of Tourism,KEC Convention Centre,Mumbai,Meridian Corp,2026-10-14,2026-10-16,2026-10-14 18:00,2026-10-16 22:00,2200,1900,1860000.000000000000,1650000.000000000000,1320000.000000000000,84000.000000000000,6.36,,"3-day, 42 country delegations."
11,EVT-2026-0111,TEDx Youth 2026,tedx,confirmed,TEDx Bangalore,The Leela Ballroom,Bengaluru,Signal Talks,2026-11-08,2026-11-08,2026-11-08 18:00,2026-11-08 22:00,500,220,450000.000000000000,215000.000000000000,320000.000000000000,45000.000000000000,14.06,,"Youth speakers, 6 mentored curators."
12,EVT-2026-0112,Coastal Brew Winter Fest,festival,confirmed,Coastal Brew Co.,Coastal Amphitheatre,Chennai,Aurora Live,2026-12-13,2026-12-14,2026-12-13 18:00,2026-12-14 22:00,5000,1350,1750000.000000000000,620000.000000000000,1280000.000000000000,68000.000000000000,5.31,,"Winter edition, food+brews+music."
13,EVT-2026-0113,Zenith: Rao–Iyer Wedding,wedding,proposed,Zenith Weddings,Aravalli Fields,Gurugram,Vermillion Ceremonies,2027-01-10,2027-01-12,2027-01-10 18:00,2027-01-12 22:00,900,0,1700000.000000000000,0.00000000000000000000,1400000.000000000000,0.00000000000000000000,0.00,,Proposal out; awaiting sign-off.
14,EVT-2026-0114,NovaTech APAC Kickoff,corporate,proposed,NovaTech Systems,KEC Convention Centre,Mumbai,Meridian Corp,2027-02-05,2027-02-05,2027-02-05 18:00,2027-02-05 22:00,400,0,520000.000000000000,0.00000000000000000000,360000.000000000000,0.00000000000000000000,0.00,,APAC leaders meet; likely close.
15,EVT-2026-0115,FinPeak Family Office Retreat,private_party,lead,FinPeak Advisors,The Leela Ballroom,Bengaluru,Meridian Corp,2027-03-14,2027-03-15,2027-03-14 18:00,2027-03-15 22:00,120,0,280000.000000000000,0.00000000000000000000,220000.000000000000,0.00000000000000000000,0.00,,Discovery call scheduled.
