budget_line_id,event_code,event_name,event_type,starts_on,budget_category,planned_inr,actual_inr,variance_inr,used_pct,notes
11,EVT-2026-0107,FinPeak Wealth Summit,conference,2026-08-05,Contingency,48000.000000000000,26600.000000000000,21400.000000000000,55.42,
6,EVT-2026-0107,FinPeak Wealth Summit,conference,2026-08-05,Contractors,42000.000000000000,36000.000000000000,6000.0000000000000000,85.71,
3,EVT-2026-0107,FinPeak Wealth Summit,conference,2026-08-05,Decor,55000.000000000000,49000.000000000000,6000.0000000000000000,89.09,
4,EVT-2026-0107,FinPeak Wealth Summit,conference,2026-08-05,F&B,180000.000000000000,162000.000000000000,18000.000000000000,90.00,
9,EVT-2026-0107,FinPeak Wealth Summit,conference,2026-08-05,Marketing,75000.000000000000,71000.000000000000,4000.0000000000000000,94.67,
7,EVT-2026-0107,FinPeak Wealth Summit,conference,2026-08-05,Security,22000.000000000000,20000.000000000000,2000.0000000000000000,90.91,
1,EVT-2026-0107,FinPeak Wealth Summit,conference,2026-08-05,Sound & AV,80000.000000000000,78000.000000000000,2000.0000000000000000,97.50,
2,EVT-2026-0107,FinPeak Wealth Summit,conference,2026-08-05,Stage,45000.000000000000,42000.000000000000,3000.0000000000000000,93.33,
10,EVT-2026-0107,FinPeak Wealth Summit,conference,2026-08-05,Team Cost,95000.000000000000,82000.000000000000,13000.000000000000,86.32,
8,EVT-2026-0107,FinPeak Wealth Summit,conference,2026-08-05,Ticketing,12000.000000000000,12000.000000000000,0.00000000000000000000,100.00,
5,EVT-2026-0107,FinPeak Wealth Summit,conference,2026-08-05,Water,6000.0000000000000000,5400.0000000000000000,600.0000000000000000,90.00,
22,EVT-2026-0108,NovaTech AI Studio Launch,product_launch,2026-08-22,Contingency,24500.000000000000,2000.0000000000000000,22500.000000000000,8.16,
17,EVT-2026-0108,NovaTech AI Studio Launch,product_launch,2026-08-22,Contractors,35000.000000000000,20000.000000000000,15000.000000000000,57.14,
14,EVT-2026-0108,NovaTech AI Studio Launch,product_launch,2026-08-22,Decor,48000.000000000000,22000.000000000000,26000.000000000000,45.83,
15,EVT-2026-0108,NovaTech AI Studio Launch,product_launch,2026-08-22,F&B,105000.000000000000,46000.000000000000,59000.000000000000,43.81,
20,EVT-2026-0108,NovaTech AI Studio Launch,product_launch,2026-08-22,Marketing,60000.000000000000,34000.000000000000,26000.000000000000,56.67,
18,EVT-2026-0108,NovaTech AI Studio Launch,product_launch,2026-08-22,Security,16000.000000000000,8000.0000000000000000,8000.0000000000000000,50.00,
12,EVT-2026-0108,NovaTech AI Studio Launch,product_launch,2026-08-22,Sound & AV,52000.000000000000,18000.000000000000,34000.000000000000,34.62,
13,EVT-2026-0108,NovaTech AI Studio Launch,product_launch,2026-08-22,Stage,65000.000000000000,35000.000000000000,30000.000000000000,53.85,
21,EVT-2026-0108,NovaTech AI Studio Launch,product_launch,2026-08-22,Team Cost,62000.000000000000,31000.000000000000,31000.000000000000,50.00,
19,EVT-2026-0108,NovaTech AI Studio Launch,product_launch,2026-08-22,Ticketing,8000.0000000000000000,6000.0000000000000000,2000.0000000000000000,75.00,
16,EVT-2026-0108,NovaTech AI Studio Launch,product_launch,2026-08-22,Water,4500.0000000000000000,2000.0000000000000000,2500.0000000000000000,44.44,
33,EVT-2026-0109,Skyline Live: Diljit Dosanjh,concert,2026-09-27,Contingency,805000.000000000000,0.00000000000000000000,805000.000000000000,0.00,
28,EVT-2026-0109,Skyline Live: Diljit Dosanjh,concert,2026-09-27,Contractors,220000.000000000000,38000.000000000000,182000.000000000000,17.27,
25,EVT-2026-0109,Skyline Live: Diljit Dosanjh,concert,2026-09-27,Decor,140000.000000000000,8000.0000000000000000,132000.000000000000,5.71,
26,EVT-2026-0109,Skyline Live: Diljit Dosanjh,concert,2026-09-27,F&B,320000.000000000000,42000.000000000000,278000.000000000000,13.13,
31,EVT-2026-0109,Skyline Live: Diljit Dosanjh,concert,2026-09-27,Marketing,680000.000000000000,125000.000000000000,555000.000000000000,18.38,
29,EVT-2026-0109,Skyline Live: Diljit Dosanjh,concert,2026-09-27,Security,280000.000000000000,52000.000000000000,228000.000000000000,18.57,
23,EVT-2026-0109,Skyline Live: Diljit Dosanjh,concert,2026-09-27,Sound & AV,420000.000000000000,65000.000000000000,355000.000000000000,15.48,
24,EVT-2026-0109,Skyline Live: Diljit Dosanjh,concert,2026-09-27,Stage,380000.000000000000,52000.000000000000,328000.000000000000,13.68,
32,EVT-2026-0109,Skyline Live: Diljit Dosanjh,concert,2026-09-27,Team Cost,420000.000000000000,0.00000000000000000000,420000.000000000000,0.00,
30,EVT-2026-0109,Skyline Live: Diljit Dosanjh,concert,2026-09-27,Ticketing,120000.000000000000,40000.000000000000,80000.000000000000,33.33,
27,EVT-2026-0109,Skyline Live: Diljit Dosanjh,concert,2026-09-27,Water,15000.000000000000,4000.0000000000000000,11000.000000000000,26.67,
44,EVT-2026-0110,Ministry of Tourism Global Meet,conference,2026-10-14,Contingency,84000.000000000000,3000.0000000000000000,81000.000000000000,3.57,
39,EVT-2026-0110,Ministry of Tourism Global Meet,conference,2026-10-14,Contractors,95000.000000000000,12000.000000000000,83000.000000000000,12.63,
36,EVT-2026-0110,Ministry of Tourism Global Meet,conference,2026-10-14,Decor,110000.000000000000,4000.0000000000000000,106000.000000000000,3.64,
37,EVT-2026-0110,Ministry of Tourism Global Meet,conference,2026-10-14,F&B,380000.000000000000,18000.000000000000,362000.000000000000,4.74,
42,EVT-2026-0110,Ministry of Tourism Global Meet,conference,2026-10-14,Marketing,95000.000000000000,12000.000000000000,83000.000000000000,12.63,
40,EVT-2026-0110,Ministry of Tourism Global Meet,conference,2026-10-14,Security,82000.000000000000,4000.0000000000000000,78000.000000000000,4.88,
34,EVT-2026-0110,Ministry of Tourism Global Meet,conference,2026-10-14,Sound & AV,140000.000000000000,12000.000000000000,128000.000000000000,8.57,
35,EVT-2026-0110,Ministry of Tourism Global Meet,conference,2026-10-14,Stage,120000.000000000000,8000.0000000000000000,112000.000000000000,6.67,
43,EVT-2026-0110,Ministry of Tourism Global Meet,conference,2026-10-14,Team Cost,180000.000000000000,4000.0000000000000000,176000.000000000000,2.22,
41,EVT-2026-0110,Ministry of Tourism Global Meet,conference,2026-10-14,Ticketing,22000.000000000000,4000.0000000000000000,18000.000000000000,18.18,
38,EVT-2026-0110,Ministry of Tourism Global Meet,conference,2026-10-14,Water,12000.000000000000,3000.0000000000000000,9000.0000000000000000,25.00,
