assignment_id,event_code,event_name,starts_on,ends_on,team_name,member_id,member_name,primary_role,event_role,utilization_pct
1,EVT-2026-0107,FinPeak Wealth Summit,2026-08-05,2026-08-06,Meridian Corp,6,Ayesha Khan,Head of Corporate,Producer,88
2,EVT-2026-0107,FinPeak Wealth Summit,2026-08-05,2026-08-06,Meridian Corp,7,Vikas Nambiar,Producer,Coord,75
3,EVT-2026-0107,FinPeak Wealth Summit,2026-08-05,2026-08-06,Ops Command,15,Vikram Sethi,Ops Director,Ops,90
4,EVT-2026-0108,NovaTech AI Studio Launch,2026-08-22,2026-08-22,Meridian Corp,6,Ayesha Khan,Head of Corporate,Producer,88
6,EVT-2026-0108,NovaTech AI Studio Launch,2026-08-22,2026-08-22,Ops Command,17,Prithvi Rao,Vendor Ops,Vendor Ops,78
5,EVT-2026-0108,NovaTech AI Studio Launch,2026-08-22,2026-08-22,Meridian Corp,8,Radha Sharma,AV Coordinator,AV Lead,60
8,EVT-2026-0109,Skyline Live: Diljit Dosanjh,2026-09-27,2026-09-27,Aurora Live,2,Anjali Bhatia,Stage Manager,Stage Mgr,78
9,EVT-2026-0109,Skyline Live: Diljit Dosanjh,2026-09-27,2026-09-27,Aurora Live,3,Karan Malhotra,Sound Lead,Sound Lead,85
7,EVT-2026-0109,Skyline Live: Diljit Dosanjh,2026-09-27,2026-09-27,Aurora Live,1,Nikhil Bansal,Head Producer,Head Producer,92
10,EVT-2026-0109,Skyline Live: Diljit Dosanjh,2026-09-27,2026-09-27,Aurora Live,5,Rehan Ali,Lighting Designer,Lighting,65
11,EVT-2026-0109,Skyline Live: Diljit Dosanjh,2026-09-27,2026-09-27,Ops Command,16,Zoya Ahmed,Safety Officer,Safety,55
12,EVT-2026-0110,Ministry of Tourism Global Meet,2026-10-14,2026-10-16,Meridian Corp,6,Ayesha Khan,Head of Corporate,Producer,88
14,EVT-2026-0110,Ministry of Tourism Global Meet,2026-10-14,2026-10-16,Meridian Corp,9,Farah Mistry,Guest Experience,Guest Exp,70
13,EVT-2026-0110,Ministry of Tourism Global Meet,2026-10-14,2026-10-16,Meridian Corp,7,Vikas Nambiar,Producer,Coord,75
15,EVT-2026-0110,Ministry of Tourism Global Meet,2026-10-14,2026-10-16,Ops Command,15,Vikram Sethi,Ops Director,Ops Director,90
18,EVT-2026-0111,TEDx Youth 2026,2026-11-08,2026-11-08,Signal Talks,12,Aditya Menon,Coordinator,Coord,72
17,EVT-2026-0111,TEDx Youth 2026,2026-11-08,2026-11-08,Signal Talks,11,Naina Roy,Speaker Relations,Speaker Rel,68
16,EVT-2026-0111,TEDx Youth 2026,2026-11-08,2026-11-08,Signal Talks,10,Rahul Deshmukh,Curator/Producer,Producer,82
20,EVT-2026-0112,Coastal Brew Winter Fest,2026-12-13,2026-12-14,Aurora Live,4,Divya Krishnan,Coordinator,Coord,70
19,EVT-2026-0112,Coastal Brew Winter Fest,2026-12-13,2026-12-14,Aurora Live,1,Nikhil Bansal,Head Producer,Head Producer,92
21,EVT-2026-0112,Coastal Brew Winter Fest,2026-12-13,2026-12-14,Ops Command,17,Prithvi Rao,Vendor Ops,Vendor Ops,78
